Erie County Middle School Data,,,,,,,,,,,,,,,,,,,,,,,,,,,,,,,,,,,,,,,,,,,,,,,,,,,,,,,,,,,,,,,,,,,,,,,
http://data.nysed.gov/,,,,,,,,,,,,,,,,,,,,,,,,,,,,,,,,,,,,,,,,,,,,,,,,,,,,,,,,,,,,,,,,,,,,,,,
,,,,,,,,,,,,,,,,,,,,Total,,Female,,Male,,English Proficient,,Non-Migrant,,Econ Dis,,Not Econ Dis,,American Indian,,Black,,Hispanic/Latino,,Asian,,White,,Multiracial,,Total,,Female,,Male,,English Proficient,,Non-Migrant,,Econ Dis,,Not Econ Dis,,American Indian,,Black,,Hispanic/Latino,,Asian,,White,,Multiracial,
,,,,#,#,#,#,#,#,#,#,#,#,#,#,#,#,#,%,% Proficient,#,% Proficient,#,% Proficient,#,% Proficient,#,% Proficient,#,% Proficient,#,% Proficient,#,% Proficient,#,% Proficient,#,% Proficient,#,% Proficient,#,% Proficient,#,% Proficient,#,% Proficient,#,% Proficient,#,% Proficient,#,% Proficient,#,% Proficient,#,% Proficient,#,% Proficient,#,% Proficient,#,% Proficient,#,% Proficient,#,% Proficient,#,% Proficient,#,% Proficient,#
School Name,School District,Grades Served,Address,Enrollment ,Male,Female,American Indian/Native,Black,Hispanic/Latino,Asian,White,Multiracial,Limited English Proficiency,Students with Disabilities,Econ Dis Students,Avg. Class Size,Free Lunch,Reduced Lunch,Attendance Rate,ELA 8 Proficiency,ELA 8 Tested,ELA 8 Proficiency,ELA 8 Tested,ELA 8 Proficiency,ELA 8 Tested,ELA 8 Proficiency,ELA 8 Tested,ELA 8 Proficiency,ELA 8 Tested,ELA 8 Proficiency,ELA 8 Tested,ELA 8 Proficiency,ELA 8 Tested,ELA 8 Proficiency,ELA 8 Tested,ELA 8 Proficiency,ELA 8 Tested,ELA 8 Proficiency,ELA 8 Tested,ELA 8 Proficiency,ELA 8 Tested,ELA 8 Proficiency,ELA 8 Tested,ELA 8 Proficiency,ELA 8 Tested,Math 8 Proficiency,Math 8 Tested,Math 8 Proficiency,Math 8 Tested,Math 8 Proficiency,Math 8 Tested,Math 8 Proficiency,Math 8 Tested,Math 8 Proficiency,Math 8 Tested,Math 8 Proficiency,Math 8 Tested,Math 8 Proficiency,Math 8 Tested,Math 8 Proficiency,Math 8 Tested,Math 8 Proficiency,Math 8 Tested,Math 8 Proficiency,Math 8 Tested,Math 8 Proficiency,Math 8 Tested,Math 8 Proficiency,Math 8 Tested,Math 8 Proficiency,Math 8 Tested
Akron Middle School,Akron,6 - 8,"47 Bloomingdale Ave., Akron, NY 14001",343,181,162,50,2,1,1,289,0,-,37,101,21,78,25,97,39,106,39,56,38,50,39,106,39,106,26,34,44,72,-,16,-,1,0,0,-,-,42,89,-,-,25,106,20,55,29,51,25,106,25,106,21,34,26,72,-,16,-,1,0,0,-,-,26,89,-,-
Alden Middle School,Alden,4 - 8,"13250 Park St., Alden, NY 14004",684,336,348,1,10,3,5,664,1,-,107,199,25,129,67,96,48,127,55,62,42,65,48,127,48,127,47,32,48,95,-,1,-,1,-,-,-,2,48,122,-,1,30,123,30,63,30,60,30,123,30,123,23,30,32,93,-,1,-,1,-,-,-,2,30,118,-,1
Amherst Midle School,Amherst,6 - 8,"55 Kings Hwy., Amherst, NY 14226",657,332,325,1,97,20,41,488,10,14,75,167,20,131,36,97,54,205,64,101,43,104,-,202,54,205,35,54,60,151,-,1,29,28,45,11,38,13,62,148,-,4,43,206,48,102,38,104,-,203,43,206,24,54,50,152,-,1,18,28,36,11,31,13,50,149,-,4
Alternative High School at 44,Buffalo,7 - 12 ,"1369 Broadway, Buffalo, NY 14212",159,90,69,1,134,16,0,6,2,-,33,129,-,136,2,72,0,32,0,13,0,19,-,30,0,32,0,27,0,5,-,1,0,23,-,5,0,0,-,3,0,0,0,29,0,15,0,14,-,27,0,29,0,23,0,6,0,0,0,20,-,6,0,0,-,3,0,0
Bennett Park Montessori School ,Buffalo,PK - 8,"342 Clinton Ave., Buffalo, NY 14204",572,294,278,12,389,33,2,120,16,-,138,444,18,388,32,93,7,74,8,37,5,37,7,74,7,74,5,62,17,12,0,0,5,55,17,6,0,0,8,13,0,0,1,73,0,37,3,36,-,72,1,73,0,61,8,12,0,0,0,53,14,7,0,0,0,13,0,0
Bilingual Center,Buffalo,PK - 8,"157 Elk St., Buffalo, NY 14210",447,227,220,3,40,298,8,93,5,218,97,402,27,367,14,90,21,34,30,20,7,14,27,26,21,34,21,28,17,6,0,0,-,7,40,15,-,1,9,11,0,0,6,35,10,21,0,14,8,26,6,35,4,28,14,7,0,0,-,7,6,16,-,1,9,11,0,0
Buffalo Academy - Vis & Perf Arts,Buffalo,5 - 12 ,"450 Masten Ave., Buffalo, NY 14209",804,246,558,9,499,117,10,161,8,7,122,551,24,471,61,91,11,108,14,72,6,36,-,107,11,108,5,80,29,28,-,1,8,75,-,15,0,0,18,17,0,0,8,106,7,70,8,36,-,105,8,106,4,80,19,26,-,1,8,74,-,15,0,0,6,16,0,0
Buffalo Elementary School of Tech,Buffalo,PK - 8,"414 S. Division St., Buffalo, NY 14204",526,277,249,2,312,33,124,50,5,184,87,505,26,476,12,91,3,67,6,33,0,34,4,49,3,67,-,64,-,3,0,0,3,40,-,4,0,16,-,7,0,0,0,72,0,37,0,35,0,49,0,72,0,67,0,5,0,0,0,42,-,4,0,19,-,7,0,0
Build Academy,Buffalo,PK - 8,"340 Fougeron St., Buffalo, NY 14211",459,242,217,2,421,12,2,10,12,-,112,445,23,409,12,90,2,50,4,23,0,27,2,50,2,50,-,49,-,1,0,0,-,48,-,2,0,0,0,0,0,0,0,50,0,23,0,27,0,50,0,50,-,49,-,1,0,0,-,48,-,2,0,0,0,0,0,0
City Honors School at Fosdick-Masten Park,Buffalo,5 - 12 ,"186 E. North St., Buffalo, NY 14204",909,439,470,3,174,62,45,597,28,-,91,289,22,195,87,96,80,117,87,69,71,48,80,117,80,117,64,42,89,75,0,0,74,19,91,1,-,5,79,78,-,4,75,116,76,68,73,48,75,116,75,116,57,42,85,74,0,0,68,19,82,11,-,5,74,78,-,3
Community School #53 at #4,Buffalo,PK - 8,"425 S. Park Ave., Buffalo, NY 14220",386,195,191,1,329,27,1,23,5,-,77,366,24,338,9,90,4,49,11,19,0,30,4,49,4,49,-,46,-,3,0,0,-,47,-,2,0,0,0,0,0,0,0,48,0,19,0,29,0,48,0,48,-,46,-,2,0,0,-,46,-,2,0,0,0,0,0,0
D'Youville-Porter Campus,Buffalo,PK - 8,"255 Porter Ave., Buffalo, NY 14201",642,301,341,5,131,421,29,42,14,177,110,575,26,515,26,91,8,53,10,29,4,24,9,47,8,53,9,45,0,8,-,1,8,13,9,34,-,1,-,4,0,0,2,53,0,29,4,24,2,47,2,53,2,45,0,8,-,1,0,13,3,34,-,1,-,4,0,0
Discovery School,Buffalo,PK - 8,"911 Abbott Rd., Buffalo, NY 14220",531,257,274,6,42,43,3,424,13,-,101,226,27,201,36,95,42,55,48,25,37,30,42,55,42,55,46,24,39,31,0,0,-,5,-,2,-,1,41,46,-,1,11,55,12,25,10,30,11,55,11,55,8,24,13,31,0,0,-,5,-,2,-,1,13,46,-,1
Dr. A. Pantoja Comm. Sch. of Acad. Excel. at #77,Buffalo,PK - 8,"750 West Ave., Buffalo, NY 14213",474,249,225,2,170,131,116,42,13,180,95,438,24,400,11,92,8,62,10,30,6,32,11,45,8,62,8,52,10,10,0,0,5,21,14,22,8,13,0,6,0,0,9,65,13,30,6,35,11,45,9,65,9,55,10,10,0,0,0,21,9,22,20,15,14,7,0,0
Dr. L. T. Wright Sch. of Excel.,Buffalo,PK - 8,"106 Appenheimer St., Buffalo, NY 14214",703,323,380,1,649,27,0,18,8,-,121,623,24,555,51,92,4,105,7,58,0,47,4,105,4,105,5,88,0,17,0,0,4,99,-,3,0,0,-,3,0,0,3,106,5,57,0,49,3,106,3,106,3,88,0,18,0,0,3,100,-,3,0,0,-,3,0,0
Dr. MLKJ Multicultural Institute,Buffalo,PK - 8,"487 High St., Buffalo, NY 14211",618,301,317,4,576,20,2,8,8,5,153,588,20,540,17,92,4,74,3,35,5,39,4,74,4,74,-,70,-,4,-,1,4,69,-,1,0,0,0,0,-,3,0,75,0,35,0,40,0,75,0,75,-,71,-,4,-,1,0,70,-,1,0,0,0,0,-,3
Frank A. Sedita School #30,Buffalo,PK - 8,"21 Lowell Pl., Buffalo, NY 14213",728,377,351,6,124,513,34,39,12,278,138,702,25,679,7,91,8,75,8,37,8,38,13,45,8,75,-,71,-,4,-,1,0,15,7,45,-,4,10,10,0,0,0,9,0,39,0,40,0,44,0,79,0,73,0,6,-,1,0,15,0,49,-,4,0,10,0,0
Frederick Olmstead #156,Buffalo,5 - 12,"319 Suffolk, Buffalo, NY 14215",589,286,303,8,295,59,30,186,11,7,91,321,24,260,42,93,38,86,49,37,31,49,38,86,38,86,36,50,42,36,-,3,27,48,50,10,-,1,48,21,-,3,8,84,3,35,12,49,8,84,8,84,8,50,9,34,-,3,9,45,0,11,-,1,10,21,-,3
Grabiarz-Campus School #79,Buffalo,PK - 8 ,"225 Lawn Ave., Buffalo, NY 14207",508,251,257,10,214,117,8,136,23,-,135,475,23,447,26,91,11,74,14,36,8,38,11,74,11,74,11,64,10,10,-,1,13,31,-,15,-,1,4,24,-,2,1,74,0,36,3,38,1,74,1,74,2,64,0,10,-,1,0,31,-,15,-,1,4,24,-,2
Harriet Ross Tubman Academy,Buffalo,PK - 8,"212 Stanton St., Buffalo, NY 14212",450,233,217,2,372,21,2,37,16,-,124,424,23,398,7,90,0,55,0,30,0,25,0,55,0,55,0,50,0,5,0,0,0,47,-,1,0,0,-,7,0,0,0,54,0,29,0,25,0,54,0,54,0,49,0,5,0,0,0,46,-,1,0,0,-,7,0,0
Herman Badillo Community School,Buffalo,PK - 8 ,"315 Carolina St., Buffalo, NY 14201",646,312,334,3,66,531,8,30,8,323,140,584,26,539,22,88,2,52,4,27,0,25,3,30,2,52,2,45,0,7,0,0,-,11,0,37,-,1,-,3,0,0,0,65,0,33,0,32,0,32,0,65,0,55,0,10,-,1,0,13,0,47,-,1,-,3,0,0
Highgate Heights,Buffalo,PK - 8,"600 Highgate Ave., Buffalo, NY 14215",494,239,255,2,458,9,2,13,10,-,84,432,22,410,16,92,3,63,6,35,0,28,3,63,3,63,4,55,0,8,0,0,-,61,-,1,0,0,-,1,0,0,3,66,3,36,3,30,3,66,3,66,4,56,0,10,0,0,-,64,-,1,0,0,-,1,0,0
Int'l Prep. School at G. Cleveland at #187,Buffalo,5 - 12,"110 14th St., Buffalo, NY 14213",521,285,236,6,276,100,99,36,4,149,95,443,17,396,14,87,11,37,23,13,4,24,18,22,11,37,-,33,-,4,0,0,6,17,-,6,9,11,-,3,0,0,0,45,0,20,0,25,0,21,0,45,0,34,0,11,0,,0,19,-,6,0,17,-,3,0,0
Lafayette High School,Buffalo,7 - 12,"370 Lafayette Ave., Buffalo, NY 14213",780,394,386,7,208,211,277,72,5,520,138,655,11,628,12,84,0,91,0,54,0,37,0,46,0,91,0,83,0,8,-,2,0,35,0,13,0,30,-,11,0,0,0,105,0,58,0,47,0,46,0,105,0,94,0,11,-,2,0,38,0,13,0,40,-,12,0,0
Lorraine Elementary School,Buffalo,PK - 8,"71 Lorraine St., Buffalo, NY 14220",550,278,272,13,108,69,11,336,13,-,146,451,26,436,41,92,14,73,17,30,12,43,14,73,14,73,11,56,24,17,0,0,6,18,-,10,-,1,14,44,0,0,1,74,0,30,2,44,1,74,1,74,2,58,0,16,0,0,0,19,-,10,-,1,0,4,0,0
Lovejoy Discovery School #43,Buffalo,PK - 8 ,"161 Benzinger St., Buffalo, NY 14206",551,300,251,0,126,59,5,326,35,-,135,500,25,466,33,92,20,44,31,16,14,28,20,44,20,44,19,37,29,7,0,0,21,14,-,5,-,1,22,23,-,1,11,44,19,16,7,28,11,44,11,44,11,37,14,7,0,0,7,14,-,5,-,1,13,23,-,1
Marva J. Daniel Futures Prep. Sch.,Buffalo,PK - 8 ,"295 Carlton St., Buffalo, NY 14204",503,244,259,5,417,32,4,30,15,-,145,474,22,438,7,89,2,43,5,21,0,22,2,43,2,43,3,36,0,7,0,0,-,39,-,2,0,0,-,1,-,1,0,43,0,21,0,22,0,43,0,43,0,37,0,6,0,0,0,38,-,3,0,0,-,1,-,1
Math Sci Tech Prep. Sch. at Seneca,Buffalo,5 - 12 ,"666 E. Delavan Ave., Buffalo, NY 14215",398,217,181,5,338,22,6,26,1,14,76,334,-,305,18,86,0,0,0,0,0,0,0,0,0,0,0,0,0,0,0,0,0,0,0,0,0,0,0,0,0,0,0,0,0,0,0,0,0,0,0,0,0,0,0,0,0,0,0,0,0,0,0,0,0,0,0,0
Native American Magnet,Buffalo,PK - 8 ,"97 W. Delavan Ave., Buffalo, NY 14213",488,232,256,80,179,78,102,43,6,160,76,452,27,431,15,93,12,52,5,21,16,31,16,37,12,52,6,47,60,5,33,9,5,19,0,11,0,6,29,7,0,0,5,58,4,25,6,33,0,19,5,58,4,52,17,6,10,10,0,19,0,13,0,8,25,8,0,0
PS 27 Hillery Park Academy,Buffalo,PK - 8,"73 Pawnee Pkwy., Buffalo, NY 14210",552,284,268,19,137,67,1,307,21,-,153,470,25,452,38,91,19,43,31,16,11,27,19,43,19,43,18,33,20,10,0,0,11,9,-,7,-,1,24,25,-,1,7,42,7,15,7,27,7,42,7,42,9,33,0,9,0,0,11,9,-,6,-,1,8,25,-,1
PS 42 Occupational Training Center,Buffalo,7 - 12 ,"2495 Main St., Buffalo NY 14214",72,47,25,1,41,7,7,16,0,10,68,50,-,41,11,92,-,2,-,2,0,0,-,2,-,2,-,1,-,1,0,0,0,0,-,1,-,1,0,0,0,0,-,3,-,2,-,1,-,3,-,,-,2,-,1,0,0,0,0,-,2,-,1,0,0,0,0
PS 59 Dr. Charles Drew Sci. Magnet,Buffalo,3 - 8,"1 MLK Park, Buffalo, NY 14211",471,240,231,3,396,20,8,43,1,8,82,418,23,391,14,91,4,67,3,35,6,32,4,67,4,67,5,56,0,11,0,0,3,60,-,2,-,2,-,3,0,0,3,70,3,36,,34,-,69,3,70,3,58,0,12,0,0,0,62,-,2,-,3,-,3,0,0
PS 66 North Park Academy,Buffalo,5 - 8,"780 Parkside Ave., Buffalo, NY 14216",353,178,175,1,263,1,1,66,1,-,65,321,23,282,24,91,7,70,9,33,5,37,7,70,7,70,6,65,20,5,0,0,6,64,0,0,0,0,17,6,0,0,1,70,0,33,3,37,1,70,1,70,0,65,20,5,0,0,2,64,0,0,0,0,0,6,0,0
PS 69 Houghton Academy,Buffalo,PK - 8,"1725 Clinton St., Buffalo, NY 14206",486,244,242,1,149,35,1,271,29,-,115,416,25,386,30,90,19,52,20,30,18,22,19,52,19,52,0,41,18,11,0,0,-,19,-,4,0,0,28,29,0,0,12,51,7,29,18,22,12,51,12,51,8,40,27,11,0,0,-,19,-,4,0,0,14,28,0,0
PS 74 Hamlin Park Elem. School,Buffalo,PK - 8,"126 Donaldson Rd., Buffalo, NY 14208",489,241,248,0,438,21,3,17,10,-,107,430,24,407,7,90,3,40,0,19,5,21,3,40,3,40,0,28,8,12,-,1,3,35,-,1,0,0,-,1,-,2,5,40,0,19,10,21,5,40,5,40,0,28,17,12,-,1,6,35,-,1,0,0,-,1,-,2
PS 81,Buffalo,PK - 8,"140 Tacoma Ave., Buffalo, NY 14216",671,329,342,22,263,94,12,240,40,-,146,531,27,483,57,94,17,82,17,53,17,29,17,82,17,82,15,65,24,17,-,1,15,40,-,11,-,1,21,28,-,1,7,83,6,53,10,30,7,83,7,83,6,65,11,8,-,1,0,41,-,12,-,1,18,28,0,0
PS 84,Buffalo,"2, 4 - 6, 8, 10 - 12","462 Grider St., Buffalo, NY 14215",109,66,43,1,37,15,9,46,1,14,98,74,-,66,5,85,,,,,,,,,,,,,,,,,,,,,,,,,,,,,,,,,,,,,,,,,,,,,,,,,,,,
Southside Elementary School,Buffalo,PK - 8,"430 Southside Pkwy., Buffalo, NY 14210",1005,524,481,12,179,147,33,593,41,18,285,832,26,767,46,92,14,115,17,60,11,55,-,114,14,115,12,90,20,25,-,1,8,24,0,18,-,3,19,68,-,1,3,119,3,60,3,59,4,112,3,119,1,91,11,28,-,1,0,25,0,17,-,6,4,69,-,1
Waterfront School,Buffalo,PK - 8,"95 4th St., Buffalo, NY 14202",837,399,438,12,394,168,139,102,22,194,149,771,26,703,49,92,7,95,6,52,9,43,9,78,7,95,7,88,14,7,0,0,6,53,6,16,7,15,18,11,0,0,1,104,0,56,2,48,1,81,1,104,1,97,0,7,0,0,2,57,0,16,0,19,0,12,0,0
West Hertel Elementary School,Buffalo,PK - 8,"489 Hertel Ave., Buffalo, NY 14207",688,376,312,5,282,161,111,95,34,174,134,639,27,629,23,90,4,47,9,22,0,25,6,35,4,47,-,45,-,2,0,0,4,24,0,6,0,9,-,6,-,2,2,55,0,24,3,31,3,36,2,55,-,51,-,4,0,,0,24,0,7,7,15,-,7,-,2
Pine Hill Education Center,Cheektowaga,6 - 12,"1635 Delevan Ave., Buffalo, NY 14215",75,52,23,1,36,2,,34,2,-,34,54,-,49,6,79,8,13,-,3,-,10,8,13,8,13,-,1,-,2,0,0,-,9,-,1,0,0,-,3,0,0,0,14,-,3,-,11,0,17,0,17,-,12,-,2,0,0,-,10,-,1,0,0,-,3,0,0
Cheektowaga Middle School,Cheektowaga,5 - 8,"3600 Union Rd., Cheektowaga, NY 14225",646,340,306,4,224,22,34,345,17,12,105,391,21,307,82,95,8,170,31,83,24,87,-,169,28,170,22,99,35,71,-,1,11,62,-,5,71,7,38,89,0,6,15,168,17,82,13,86,-,167,15,168,12,97,18,71,-,1,5,61,-,5,50,6,20,89,0,6
Maryvale Middle School,Cheektowaga-Maryvale,6 - 8,"1050 Maryvale Dr., Cheektowaga, NY 14225",489,258,231,1,40,21,11,401,15,8,70,223,28,142,50,95,54,150,68,79,38,71,54,150,54,150,42,60,62,90,-,-,33,12,38,8,-,1,57,124,-,5,28,148,36,78,19,70,28,148,28,148,20,59,33,89,-,-,17,12,38,8,-,1,27,122,-,5
John F Kennedy Middle School,Cheektowaga-Sloan,6 - 8,"305 Cayuga Creek Rd., Cheektowaga, NY 14227",343,175,168,2,15,6,1,317,2,-,54,204,22,139,61,96,29,113,28,58,31,55,29,113,29,113,25,63,34,50,0,0,-,4,-,1,-,-,31,107,-,1,11,112,14,57,7,55,11,112,11,112,8,62,14,50,0,0,-,4,-,1,-,-,11,106,-,1
Clarence Middle School,Clarence,6 - 8,"10150 Greiner Rd., Clarence, NY 14031",1201,623,578,3,20,19,36,1107,16,-,154,98,26,67,47,97,63,417,71,202,56,215,63,417,63,417,29,28,66,389,-,1,-,6,75,8,86,7,63,386,78,9,59,417,60,202,57,215,59,417,59,417,21,28,61,389,-,1,-,6,50,8,86,7,59,386,44,9
Cleveland Hill Middle School,Cleveland Hill,6 - 8,"105 Mapleview Rd., Cheektowaga, NY 14225",311,161,150,2,88,18,5,185,13,-,44,163,18,124,47,96,31,99,50,42,18,57,31,99,31,99,13,48,49,51,-,-,24,29,-,5,-,3,32,56,33,6,8,99,12,42,5,57,8,99,8,99,2,48,14,51,-,-,7,29,-,5,-,3,9,56,0,6
Depew Middle School,Depew,6 - 8,"5201 S. Transit Rd., Depew, NY 14043",459,238,221,3,19,12,12,410,3,-,46,219,23,151,66,96,33,149,34,73,32,76,-,147,33,149,23,66,41,83,-,-,23,8,-,3,-,4,35,133,-,1,24,145,22,69,26,76,-,143,24,145,14,64,32,81,-,-,0,7,-,3,-,4,26,130,-,1
East Aurora Middle School,East Aurora,5 - 8,"430 Main St., East Aurora, NY 14052",564,290,274,0,3,13,6,542,0,-,4,65,24,58,12,96,62,123,71,62,52,61,62,123,62,123,42,12,64,111,0,0,-,-,-,2,-,4,61,117,0,0,54,122,59,61,49,61,54,122,54,122,42,12,55,110,0,0,-,-,-,2,-,4,53,116,0,0
Eden Junior-Senior High School,Eden,7 - 12,"3150 Schoolview Rd., Eden, NY 14057",801,431,370,2,5,13,5,775,1,-,110,137,18,75,33,96,44,113,55,44,38,69,44,113,-,112,25,24,49,89,0,0,-,-,-,4,-,2,45,107,-,-,26,86,25,32,26,54,26,86,-,85,20,20,27,66,0,0,-,-,-,,-,2,28,80,-,-
Lake Shore Middle School ,Evans-Brant,6 - 8,"8855 Erie Rd., Angola, NY 14006",646,331,315,68,13,9,7,547,2,-,105,267,21,208,83,96,26,216,31,111,22,105,26,216,26,216,17,89,33,127,25,20,-,4,-,3,-,2,27,186,-,1,13,186,13,90,14,96,13,186,13,186,10,78,16,108,6,18,-,2,-,3,-,2,14,160,-,1
Frontier Middle School,Frontier,5 - 8 ,"2751 Amsdell Rd., Hamburg, NY 14075",1175,603,572,4,9,38,6,1096,22,-,206,359,5,167,96,95,46,379,49,178,44,201,46,379,46,379,28,114,54,265,-,3,-,4,20,15,-,3,47,351,-,2,35,361,33,168,36,193,-,360,35,361,23,109,40,252,-,3,-,3,7,15,80,5,35,333,-,2
Veronica E Connor Middle School,Grand Island,6 - 8,"1100 Ransom Rd., Grand Island, NY 14072",745,367,378,4,15,21,18,668,19,8,97,149,24,75,45,96,49,255,55,129,43,126,-,253,49,255,33,49,53,206,-,1,-,4,-,4,43,7,51,230,44,9,40,253,40,128,40,125,-,251,40,253,25,48,43,205,-,1,-,4,-,4,43,7,42,228,11,9
Hamburg Middle School,Hamburg,6 - 8,"360 Division St., Hamburg, NY 14075",911,481,430,2,2,15,9,873,10,-,143,156,22,102,49,96,52,254,60,11,45,143,52,254,52,254,19,31,56,223,0,0,-,3,-,4,-,2,52,243,-,2,43,225,44,102,42,123,43,225,43,225,28,25,45,200,0,0,-,2,-,4,-,2,44,215,-,2
Holland Junior/Senior High School,Holland,7 - 12,"103 Canada St., Holland, NY 14080",461,229,232,0,4,2,,453,0,-,45,82,19,76,23,96,49,77,53,36,46,41,49,77,49,77,25,16,56,61,-,-,-,2,-,-,-,1,-,74,-,-,35,77,36,36,34,41,35,77,35,7,25,16,38,61,-,-,-,2,0,0,-,1,-,74,-,-
Holland Middle School,Holland,5 - 8,"11720 Partridge Rd.,  Holland, NY 14080",,,,,,,,,,,,,,,,,,,,,,,,,,,,,,,,,,,,,,,,,,,,,,,,,,,,,,,,,,,,,,,,,,,,
Iroquois Middle School,Iroquois,6 - 8,"2111 Girdle Rd., Elma, NY 14059",621,306,315,4,4,11,6,592,4,-,93,65,22,41,22,97,55,204,60,98,51,106,-,202,55,204,53,17,56,187,0,0,-,2,-,3,-,2,56,196,-,1,45,205,46,99,43,106,-,203,45,205,35,17,46,188,0,0,-,2,-,3,-,2,46,197,-,1
Ben Franklin Middle School,Kenmore-Tonawanda,6 - 8,"540 Parkhurst Blvd., Buffalo, NY 14223",496,254,242,4,32,21,5,427,7,6,105,236,26,154,3,95,37,162,39,76,35,86,-,161,37,162,28,81,46,81,-,1,10,10,33,6,-,3,40,141,-,1,28,161,28,75,28,86,-,161,28,161,25,81,31,80,-,1,10,10,33,6,-,3,29,140,-,1
Herbert Hoover Middle School,Kenmore-Tonawanda,6 - 8,"249 Thorncliff Rd., Buffalo, NY 14223",630,297,333,5,39,39,6,528,13,7,111,239,19,180,62,95,42,223,47,113,36,110,-,219,42,223,28,75,49,148,-,3,14,14,14,14,0,0,45,190,-,2,32,222,30,112,33,110,-,218,32,222,19,75,38,147,-,3,7,14,0,14,0,0,35,189,-,2
Kenmore Middle School,Kenmore-Tonawanda,6 - 8,"155 Delaware Rd., Kenmore NY 14217",624,335,289,11,40,30,5,526,12,6,99,240,24,162,75,96,34,212,38,103,30,109,-,209,34,212,22,88,43,124,-,3,31,16,23,13,-,4,36,173,-,3,25,207,26,97,24,110,-,204,25,207,16,86,31,121,-,2,6,16,8,13,-,4,28,169,-,3
Lackawanna Middle School,Lackawanna,7 - 8,"550 Martin Rd., Lackawanna, NY 14218",257,140,117,1,48,33,0,175,0,35,57,203,21,182,30,92,24,109,27,55,20,54,26,101,24,109,17,88,52,21,-,1,5,22,-,8,0,0,32,78,-,-,10,113,5,56,14,57,11,103,10,113,5,91,27,22,-,1,0,23,-,9,0,0,14,80,-,-
Lancaster Middle School,Lancaster,7 - 8,"148 Aurora St., Lancaster, NY 14086",974,500,474,5,10,18,9,924,8,-,142,133,22,134,68,96,50,459,58,224,42,235,50,459,50,459,34,68,53,391,-,2,43,7,33,9,0,5,51,431,-,5,38,456,39,222,38,234,38,456,38,456,18,67,42,389,-,2,29,7,11,9,20,5,39,428,-,5
North Collins Junior-Senior High School,North Collins,7 - 12,"2045 School St., North Collins, NY 14111",275,120,155,4,6,17,0,247,1,-,40,94,11,67,20,96,,36,36,22,21,14,31,36,31,36,20,15,38,21,0,0,0,0,-,4,-,-,-,32,-,-,19,36,14,22,29,14,19,36,19,36,7,15,29,21,0,0,,0,-,,-,-,-,32,-,-
Orchard Park Middle School,Orchard Park,6 - 10,"60 S. Lincoln Ave., Orchard Park, NY 14127",1244,657,87,9,15,21,13,1179,7,-,162,106,26,68,29,97,58,413,64,179,54,234,-,412,59,413,37,30,60,383,-,2,0,8,-,4,-,2,60,394,-,3,43,411,43,78,44,233,-,410,43,411,30,30,44,381,-,2,13,8,-,,-,2,44,392,-,3
Griffith Institute Middle School ,Springville-Grif. Inst.,6 - 8,"267 Newman St., Springville, NY 14141",462,238,224,5,3,13,3,428,10,-,44,156,24,104,53,96,32,115,49,51,32,64,32,115,,115,18,40,40,75,-,-,-,2,-,6,0,0,34,107,0,0,30,87,31,36,29,51,30,87,30,87,18,8,36,59,-,-,-,2,-,5,0,0,33,80,0,0
Sweet Home Middle School,Sweet Home,6 - 8,"4150 Maple Rd., Amherst, NY 14226",775,409,366,0,167,38,27,539,4,12,64,297,21,260,67,95,42,254,49,124,35,130,-,250,42,254,30,79,47,175,-,-,27,59,0,11,-,8,49,174,-,2,30,255,27,125,32,130,-,251,30,255,18,79,35,146,-,-,19,59,0,11,-,8,34,175,-,2
Tonawanda Middle/High School,Tonawanda,6 - 12,"600 Fletcher St., Tonawanda, NY 14150",948,480,468,6,18,24,6,878,16,-,126,367,21,293,106,94,41,130,41,61,41,69,-,129,41,130,29,52,49,78,-,2,-,1,-,4,0,0,41,123,0,0,29,130,28,61,30,69,-,129,29,130,19,52,36,78,-,2,-,,-,4,0,0,31,123,0,0
East Middle School,West Seneca,7 - 8,"1445 Center Rd., West Seneca, NY 14224",505,272,233,5,16,19,3,458,,-,68,178,22,101,54,96,41,222,46,103,38,119,41,222,41,222,28,79,49,143,-,1,0,9,17,6,-,2,44,201,-,3,30,218,27,100,33,118,30,218,30,218,20,80,36,138,-,1,0,9,17,6,-,1,32,198,-,3
West Middle School,West Seneca,7 - 8,"395 Center Rd., West Seneca, NY 14224",614,319,295,2,14,19,3,574,2,-,80,214,25,142,60,88,33,301,38,151,28,150,33,301,33,301,20,102,40,199,-,2,-,6,9,11,0,0,35,281,-,1,28,304,30,154,25,150,28,304,28,304,16,105,34,199,-,2,-,7,9,11,0,0,29,283,-,1
Casey Middle School,Williamsville,5 - 8,"105 Casey Rd., East Amherst, NY 14051",701,358,343,0,23,18,59,577,24,8,83,94,24,63,29,98,64,165,64,84,64,81,-,163,64,165,37,19,68,146,0,0,25,8,-,7,55,11,69,138,-,1,60,166,61,84,59,82,-,163,60,166,25,20,64,146,0,0,-,8,25,8,73,11,64,137,-,2
Heim Middle School,Williamsville,5 - 8,"175 Heim Rd., Williamsville, NY 14221",651,346,305,3,19,20,52,541,16,7,76,85,25,62,16,97,59,161,58,73,60,88,59,161,59,161,36,25,63,136,-,1,29,7,-,5,75,12,60,127,44,9,58,161,59,73,57,88,58,161,58,161,40,25,61,136,-,1,29,7,-,5,75,12,58,127,44,9
Mill Middle School,Williamsville,5 - 8 ,"505 Mill St., Williamsville, NY 14221",896,449,447,1,46,43,42,730,34,7,107,125,24,65,36,97,59,213,67,94,52,119,-,212,59,213,23,31,65,182,0,0,29,17,38,8,78,9,61,170,67,9,66,209,73,90,60,119,-,208,66,209,29,31,72,178,0,0,38,16,56,9,89,9,67,166,67,9
Transit Middle School,Williamsville,5 - 8,"8730 Transit Rd., East Amherst, NY 14051",1012,513,499,6,22,29,145,784,26,13,92,90,27,64,21,97,66,260,71,132,61,128,-,257,66,260,37,30,70,230,-,1,40,10,73,11,76,34,66,198,-,6,70,259,71,131,69,128,-,256,70,259,40,30,74,229,-,1,40,10,64,11,91,34,68,197,-,6
Buffalo Academy of Science Charter School,Charter,7 - 12,"190 Franklin St., Buffalo, NY 14202",404,74,230,0,332,19,13,40,0,14,41,359,18,220,110,93,15,48,15,27,14,21,15,48,15,48,12,43,40,5,-,-,13,40,-,1,-,1,-,6,-,-,19,48,19,27,19,21,19,48,19,48,21,43,0,5,-,-,20,40,-,1,-,1,-,6,-,-
Buffalo United Charter School,Charter,K - 8,"325 Manhattan Ave., Buffalo, NY 14214",643,333,310,1,588,40,2,12,0,-,93,592,24,542,47,97,4,75,5,38,3,37,4,75,4,75,3,69,17,6,-,-,-,71,-,4,-,-,-,-,-,-,24,75,26,38,22,37,24,75,24,75,23,69,33,6,-,-,-,71,-,4,-,-,-,-,-,-
Charter School for Applied Technologies,Charter,K - 12,"2303 Kenmore Ave., Buffalo, NY 14207",1670,799,871,4,507,485,14,545,115,59,198,1395,27,72,250,93,12,130,14,70,10,60,-,126,12,130,12,110,15,20,0,0,4,45,11,27,-,-,19,52,17,6,19,128,19,68,18,60,-,124,19,28,19,108,20,20,0,0,11,44,15,27,-,-,27,51,17,6
Elmwood Village Charter School,Charter ,K - 8," 40 Days Park, Buffalo, NY 14201",298,150,148,7,67,49,40,143,22,6,38,122,26,92,33,94,30,23,27,11,33,12,30,23,30,23,22,9,36,14,-,1,11,9,-,3,-,1,38,8,-,1,52,23,64,11,42,12,52,23,52,23,33,9,64,14,-,1,22,9,-,3,-,1,88,8,-,1
Enterprise Charter School,Charter,K - 8,"275 Oak St., Buffalo, NY 14203",404,196,208,2,224,141,15,14,8,40,60,389,23,342,37,91,8,39,9,22,6,17,-,38,8,39,-,38,-,1,-,1,11,27,-,9,-,1,-,1,-,-,8,40,9,22,6,18,-,38,8,40,-,39,-,1,-,1,7,27,-,10,-,1,-,1,-,-
Global Concepts Charter School,Charter,K - 10,"1001 Ridge Rd., Lackawanna, NY 14218",848,380,468,0,187,84,11,558,8,74,42,699,25,719,42,98,29,68,35,37,23,31,29,68,27,63,60,5,-,-,47,15,-,13,-,2,-,2,26,38,-,-,21,70,26,39,16,31,-,68,21,70,22,64,17,6,-,-,19,16,-,13,-,2,23,39,-,-
Pinnacle Charter School,Charter ,K - 8,"115 Ash St., Buffalo, NY 14204",550,271,279,0,470,55,3,6,16,-,83,514,20,557,0,94,9,45,10,21,8,24,9,45,9,45,-,3,-,2,0,0,8,38,-,3,-,-,-,2,-,2,4,45,5,21,4,24,4,45,4,45,-,43,-,2,0,0,3,38,-,3,-,-,-,2,-,2
South Buffalo Charter School,Charter,K - 8,"2219 S. Park Ave., Buffalo, NY 14220",673,322,351,10,166,118,8,370,1,6,93,526,22,675,0,94,19,70,17,36,21,34,19,70,19,70,20,54,13,16,-,1,9,23,25,12,-,4,23,30,-,-,10,72,8,38,12,34,10,72,10,72,9,56,13,16,-,1,4,24,17,12,-,4,10,31,-,-
Tapestry Charter School,Charter,K - 12,"65 Great Arrow Ave., Buffalo, NY 14216",735,347,388,0,380,61,7,261,26,11,101,465,26,348,111,94,32,25,40,10,27,15,32,25,32,25,35,17,25,8,-,-,23,13,40,5,-,-,43,7,-,-,12,25,10,10,13,15,12,25,12,25,12,17,13,8,-,-,0,13,40,5,-,-,14,7,-,-
Westminster Community Charter School,Charter,K - 8,"24 Westminster Ave., Buffalo, NY 14215",552,269,283,0,537,2,3,1,9,-,61,360,22,431,60,96,5,55,4,28,7,27,5,55,5,55,7,46,0,9,-,-,5,5,0,0,-,-,-,-,0,0,9,55,11,28,7,27,9,55,9,5,7,46,22,9,-,-,9,55,0,0,-,-,-,-,0,0